"Alo.dadayi";"Alo.hamulata";"Alonella.sp";"Bdelloidea";"Bra.patulus";"Cephalodella.sp";"Colurella.sp";"Copepodite";"Chydorus.sp";"Dicranophoroides.sp";"Dia.birgei";"Dia.spinulosum";"Dis.aculeata";"Euc.dilatata";"Fil.longiseta";"Ily.spinifer";"Lec.aculeata";"Lec.bulla";"Lec.cornuta";"Lec.crepida";"Lec.curvicornis";"Lec.furcata";"Lecane.sp1";"Lec.leontina";"Lec.lunaris";"Lec.luna";"Lec.monostyla";"Lecane.sp2";"Lec.papuana";"Lec.quadridentata";"Lecane.sp3";"Leydigia.sp";"Lepadella.sp1";"Lepadella.sp2";"Lep.ovalis";"Lep.patella";"Mesocyclops.sp";"Macrocyclops.sp";"Macrochaetus.sp";"Macrothrix.sp";"Mac.mira";"Mac.laticornis";"Moi.minuta";"Myt.crassipes";"Mytilina.sp";"Myt.bisulcata";"Nauplii";"Notodiaptomus.sp";"Paracyclops.sp";"Pla.quadricornis";"Polyarthra.sp";"Pol.bicerca";"Pol.dolichoptera";"Pol.vulgaris";"Tes.patina";"Tes.mucronata";"Trichocerca.sp";"Tri.tetractis"
"S-B-P05-H1";"0";"0";"0";"37";"0";"0";"0";"0";"0";"0";"0";"0";"0";"0";"0";"0";"0";"1";"0";"0";"0";"0";"0";"0";"0";"0";"0";"0";"0";"0";"0";"0";"0";"0";"0";"0";"0";"0";"0";"0";"0";"0";"0";"0";"0";"0";"3";"0";"1";"0";"1";"0";"1";"0";"0";"0";"0";"0"
"S-B-P05-H2";"0";"0";"0";"23";"0";"0";"0";"4";"0";"0";"0";"0";"0";"0";"0";"0";"0";"0";"0";"0";"0";"0";"0";"0";"0";"0";"0";"0";"0";"0";"0";"0";"0";"0";"0";"0";"0";"0";"0";"1";"0";"0";"0";"0";"0";"0";"0";"0";"1";"0";"0";"0";"0";"0";"0";"0";"0";"0"
"S-B-P05-H3";"0";"0";"0";"32";"0";"0";"0";"2";"0";"0";"0";"0";"0";"0";"0";"0";"0";"2";"0";"0";"0";"0";"0";"0";"0";"0";"0";"0";"0";"0";"0";"0";"0";"0";"0";"0";"0";"0";"0";"0";"0";"0";"0";"0";"0";"0";"6";"0";"0";"0";"0";"0";"0";"0";"0";"0";"0";"0"
"S-B-P06-H1";"0";"0";"0";"32";"0";"0";"0";"0";"0";"0";"0";"0";"0";"0";"0";"0";"0";"0";"0";"0";"0";"0";"0";"0";"0";"0";"0";"0";"0";"0";"0";"0";"0";"0";"0";"0";"0";"0";"0";"0";"0";"0";"0";"0";"0";"0";"0";"0";"0";"0";"0";"0";"0";"0";"0";"0";"0";"0"
"S-B-P06-H2";"1";"0";"0";"64";"0";"0";"0";"1";"0";"0";"0";"0";"0";"0";"0";"0";"0";"0";"0";"0";"0";"0";"0";"0";"0";"0";"0";"0";"0";"0";"0";"0";"0";"0";"0";"0";"0";"0";"0";"0";"0";"0";"0";"0";"0";"0";"1";"0";"0";"0";"0";"0";"0";"0";"0";"0";"0";"0"
"S-B-P06-H3";"0";"0";"0";"77";"0";"0";"0";"0";"0";"0";"0";"0";"0";"0";"0";"0";"0";"0";"0";"0";"0";"0";"0";"0";"0";"0";"0";"0";"0";"0";"0";"0";"0";"0";"0";"0";"0";"0";"0";"0";"0";"0";"0";"0";"0";"0";"3";"0";"0";"0";"0";"0";"0";"0";"0";"0";"0";"0"
"S-B-P07-H1";"0";"0";"0";"59";"0";"0";"0";"2";"0";"0";"0";"0";"0";"0";"0";"0";"0";"0";"0";"0";"0";"0";"0";"0";"0";"0";"0";"0";"0";"0";"0";"0";"0";"0";"0";"0";"0";"0";"0";"0";"0";"0";"0";"0";"0";"0";"1";"0";"0";"0";"0";"0";"0";"0";"0";"0";"0";"0"
"S-B-P07-H2";"0";"0";"0";"44";"0";"0";"0";"0";"0";"0";"0";"0";"0";"0";"0";"0";"0";"0";"0";"0";"0";"0";"0";"0";"0";"0";"0";"0";"0";"0";"0";"0";"0";"0";"0";"0";"0";"0";"0";"0";"0";"0";"0";"0";"0";"0";"2";"0";"1";"0";"1";"0";"0";"0";"0";"0";"0";"0"
"S-B-P07-H3";"0";"0";"0";"43";"0";"0";"0";"0";"0";"0";"0";"0";"0";"0";"0";"0";"0";"1";"0";"0";"0";"0";"0";"0";"0";"0";"0";"0";"0";"0";"1";"0";"0";"0";"0";"0";"0";"0";"0";"0";"0";"0";"0";"0";"0";"0";"4";"0";"0";"0";"1";"0";"0";"0";"0";"0";"0";"0"
"S-B-P08-H1";"1";"0";"0";"69";"0";"0";"1";"76";"0";"0";"0";"0";"0";"0";"1";"1";"0";"0";"0";"0";"0";"0";"1";"1";"0";"4";"0";"0";"0";"0";"0";"0";"0";"0";"0";"0";"3";"2";"0";"0";"0";"0";"0";"0";"0";"1";"15";"0";"9";"0";"0";"0";"1";"0";"0";"0";"0";"0"
"S-B-P08-H2";"6";"0";"0";"50";"0";"0";"0";"77";"0";"0";"0";"0";"0";"0";"0";"0";"0";"8";"0";"4";"0";"0";"0";"0";"2";"2";"0";"0";"0";"1";"0";"0";"0";"0";"2";"0";"1";"0";"0";"0";"0";"0";"0";"0";"0";"0";"60";"0";"4";"0";"0";"0";"0";"0";"0";"0";"0";"0"
"S-B-P08-H3";"1";"0";"0";"51";"0";"0";"0";"3";"0";"0";"0";"0";"0";"0";"0";"0";"0";"2";"0";"1";"1";"0";"0";"0";"0";"4";"1";"0";"2";"1";"0";"0";"0";"0";"0";"0";"0";"0";"0";"0";"1";"0";"0";"0";"0";"0";"15";"0";"1";"0";"0";"0";"0";"0";"0";"0";"0";"0"
"S-B-P09-H1";"0";"0";"0";"35";"0";"0";"0";"1";"0";"0";"0";"0";"0";"0";"0";"0";"0";"0";"0";"1";"0";"0";"0";"0";"1";"0";"0";"0";"0";"0";"0";"0";"0";"0";"1";"0";"0";"0";"0";"0";"0";"0";"0";"0";"0";"0";"3";"0";"0";"1";"0";"0";"0";"0";"0";"0";"0";"0"
"S-B-P09-H2";"0";"0";"0";"104";"0";"0";"0";"0";"0";"0";"0";"0";"0";"0";"0";"0";"0";"3";"1";"0";"0";"0";"0";"0";"2";"0";"0";"0";"0";"0";"0";"0";"0";"0";"2";"0";"0";"0";"0";"0";"0";"0";"0";"0";"0";"0";"2";"0";"0";"0";"5";"0";"0";"0";"0";"0";"0";"0"
"S-B-P09-H3";"0";"0";"0";"84";"0";"0";"2";"0";"1";"0";"0";"0";"0";"0";"0";"0";"0";"4";"1";"0";"0";"0";"0";"1";"0";"0";"0";"0";"0";"0";"0";"0";"0";"0";"0";"1";"0";"0";"0";"0";"0";"0";"0";"0";"0";"0";"4";"0";"0";"0";"0";"0";"0";"0";"1";"0";"0";"0"
"S-B-P10-H1";"1";"0";"0";"59";"2";"0";"1";"1";"0";"0";"0";"0";"0";"0";"0";"0";"1";"8";"1";"0";"0";"0";"0";"0";"1";"1";"0";"0";"0";"0";"0";"0";"0";"0";"7";"0";"0";"0";"1";"0";"0";"0";"0";"0";"0";"0";"21";"0";"0";"2";"0";"0";"0";"0";"2";"0";"0";"1"
"S-B-P10-H2";"1";"0";"0";"25";"0";"2";"3";"0";"0";"0";"0";"0";"0";"0";"0";"0";"0";"13";"0";"7";"0";"1";"0";"1";"0";"1";"0";"0";"0";"0";"0";"0";"0";"0";"2";"0";"0";"0";"0";"1";"0";"0";"0";"0";"1";"0";"1";"0";"0";"3";"0";"0";"0";"0";"1";"0";"0";"1"
"S-B-P10-H3";"2";"0";"0";"106";"1";"0";"1";"0";"1";"0";"0";"0";"0";"0";"0";"0";"0";"18";"1";"0";"0";"0";"0";"0";"1";"1";"0";"0";"0";"0";"0";"0";"0";"0";"3";"1";"0";"0";"1";"1";"0";"0";"0";"0";"0";"0";"15";"0";"0";"0";"0";"0";"0";"0";"0";"0";"0";"0"
"S-C-P12-H1";"1";"0";"0";"25";"0";"0";"0";"2";"0";"0";"0";"0";"0";"0";"0";"0";"0";"1";"0";"1";"0";"0";"0";"0";"0";"0";"0";"2";"1";"0";"0";"0";"1";"0";"0";"0";"0";"0";"0";"0";"0";"0";"0";"0";"0";"0";"12";"0";"0";"0";"0";"0";"0";"0";"0";"0";"0";"0"
"S-C-P12-H2";"1";"0";"0";"19";"0";"0";"0";"7";"0";"0";"0";"0";"0";"0";"0";"0";"0";"3";"0";"0";"0";"0";"0";"0";"0";"3";"0";"0";"0";"0";"0";"0";"0";"0";"1";"0";"0";"0";"0";"0";"0";"0";"0";"0";"0";"0";"3";"0";"0";"0";"0";"0";"0";"0";"0";"0";"0";"0"
"S-C-P12-H3";"2";"0";"0";"23";"0";"0";"0";"1";"0";"0";"0";"0";"0";"0";"0";"0";"0";"4";"2";"0";"0";"0";"1";"0";"1";"0";"0";"0";"0";"0";"0";"0";"0";"1";"0";"0";"1";"0";"0";"0";"0";"0";"0";"0";"0";"0";"4";"0";"1";"0";"0";"0";"0";"0";"0";"0";"0";"0"
"S-C-P13-H1";"0";"0";"0";"7";"0";"0";"0";"0";"0";"0";"0";"0";"0";"0";"0";"0";"0";"1";"0";"0";"0";"0";"0";"0";"0";"0";"0";"0";"0";"0";"0";"0";"0";"0";"0";"0";"0";"0";"0";"0";"0";"0";"0";"0";"0";"0";"0";"0";"0";"0";"0";"0";"0";"0";"0";"0";"0";"0"
"S-C-P13-H2";"0";"0";"0";"12";"0";"0";"0";"0";"0";"0";"0";"0";"0";"0";"0";"0";"0";"0";"0";"0";"0";"0";"0";"0";"0";"0";"0";"0";"0";"0";"0";"0";"0";"0";"0";"0";"0";"0";"0";"0";"0";"0";"0";"0";"0";"0";"0";"0";"0";"0";"0";"0";"0";"0";"0";"0";"0";"0"
"S-C-P13-H3";"0";"0";"0";"36";"0";"0";"0";"0";"0";"0";"0";"0";"0";"0";"0";"0";"0";"1";"0";"0";"0";"0";"0";"0";"0";"0";"0";"0";"0";"0";"0";"0";"0";"0";"0";"0";"0";"0";"0";"0";"0";"0";"0";"0";"0";"0";"3";"0";"0";"0";"0";"0";"0";"0";"0";"0";"0";"0"
"S-C-P14-H1";"0";"0";"0";"13";"0";"0";"0";"0";"0";"0";"0";"0";"0";"0";"0";"0";"0";"1";"0";"0";"0";"0";"0";"0";"0";"1";"0";"0";"0";"0";"0";"0";"0";"0";"1";"0";"0";"0";"0";"0";"0";"0";"0";"0";"0";"0";"0";"0";"0";"0";"0";"0";"0";"0";"0";"0";"0";"0"
"S-C-P14-H2";"0";"0";"0";"27";"0";"0";"0";"1";"0";"0";"0";"0";"0";"0";"0";"0";"0";"0";"0";"0";"0";"0";"0";"0";"0";"0";"0";"0";"0";"0";"0";"0";"0";"0";"0";"0";"0";"0";"0";"0";"0";"0";"0";"0";"0";"0";"2";"0";"0";"0";"0";"0";"0";"0";"0";"0";"0";"0"
"S-C-P14-H3";"0";"0";"0";"50";"0";"0";"0";"1";"0";"0";"0";"0";"0";"0";"0";"0";"0";"0";"0";"0";"0";"0";"0";"0";"1";"0";"0";"0";"0";"0";"0";"0";"0";"0";"0";"0";"0";"0";"0";"0";"0";"0";"0";"0";"0";"0";"8";"0";"0";"0";"0";"0";"0";"0";"0";"0";"0";"0"
"S-C-P15-H1";"0";"0";"0";"16";"0";"0";"0";"0";"0";"0";"0";"0";"0";"0";"0";"0";"0";"0";"0";"0";"0";"0";"0";"0";"0";"0";"0";"0";"0";"0";"0";"0";"0";"0";"0";"0";"0";"0";"0";"0";"0";"0";"0";"0";"0";"0";"2";"0";"0";"0";"0";"0";"0";"0";"0";"0";"0";"0"
"S-C-P15-H2";"0";"0";"0";"22";"0";"0";"0";"4";"0";"0";"0";"0";"0";"0";"0";"0";"0";"0";"0";"0";"0";"0";"0";"0";"0";"0";"0";"0";"0";"0";"0";"0";"0";"0";"0";"0";"0";"0";"0";"0";"0";"1";"0";"0";"0";"0";"6";"0";"0";"0";"0";"0";"0";"0";"0";"0";"0";"0"
"S-C-P15-H3";"0";"0";"0";"17";"0";"0";"0";"16";"0";"0";"0";"0";"0";"0";"0";"0";"0";"0";"0";"0";"0";"0";"0";"0";"0";"0";"0";"0";"0";"0";"0";"0";"0";"0";"1";"0";"0";"0";"0";"0";"0";"0";"0";"0";"0";"0";"9";"0";"4";"0";"0";"0";"0";"0";"0";"0";"0";"0"
"S-C-P16-H1";"1";"0";"0";"54";"0";"0";"0";"132";"0";"0";"0";"1";"2";"0";"0";"0";"0";"2";"1";"1";"1";"0";"0";"1";"0";"0";"1";"1";"1";"0";"0";"0";"0";"0";"0";"0";"0";"0";"0";"0";"0";"0";"0";"0";"0";"0";"817";"28";"4";"0";"0";"34";"0";"141";"9";"2";"0";"0"
"S-C-P16-H2";"2";"0";"3";"9";"0";"4";"0";"19";"0";"1";"33";"17";"0";"0";"0";"0";"0";"6";"2";"0";"3";"0";"0";"0";"0";"1";"0";"0";"0";"0";"0";"0";"0";"0";"0";"0";"0";"3";"2";"4";"2";"4";"0";"0";"0";"0";"91";"8";"7";"0";"0";"2";"0";"2";"1";"1";"0";"0"
"S-C-P16-H3";"0";"0";"0";"16";"0";"0";"0";"16";"0";"0";"0";"0";"0";"0";"0";"0";"0";"0";"0";"0";"0";"0";"0";"2";"0";"2";"0";"0";"0";"0";"0";"0";"0";"0";"0";"0";"0";"0";"0";"0";"0";"2";"0";"0";"0";"0";"45";"12";"0";"0";"0";"0";"0";"2";"1";"0";"1";"0"
"S-C-P17-H1";"0";"0";"0";"28";"0";"0";"0";"55";"0";"0";"0";"0";"0";"0";"0";"2";"0";"0";"0";"0";"0";"0";"0";"1";"0";"0";"0";"0";"1";"0";"0";"1";"0";"0";"0";"0";"0";"0";"0";"0";"0";"1";"0";"0";"0";"0";"15";"1";"0";"0";"0";"0";"0";"0";"0";"0";"0";"0"
"S-C-P17-H2";"2";"0";"0";"39";"0";"0";"0";"72";"0";"1";"0";"0";"0";"0";"0";"0";"0";"1";"0";"0";"0";"0";"0";"0";"0";"0";"0";"0";"0";"0";"0";"0";"0";"0";"0";"0";"0";"0";"0";"3";"0";"0";"0";"0";"0";"0";"42";"20";"26";"0";"0";"0";"0";"0";"0";"0";"1";"0"
"S-C-P17-H3";"1";"0";"0";"50";"0";"0";"0";"70";"0";"0";"0";"0";"0";"1";"1";"1";"0";"0";"0";"0";"0";"0";"0";"0";"0";"0";"0";"0";"0";"0";"0";"0";"0";"0";"0";"0";"0";"2";"0";"0";"0";"0";"4";"1";"1";"0";"28";"14";"4";"0";"0";"0";"0";"0";"0";"0";"0";"0"
"S-C-P18-H1";"1";"0";"0";"22";"0";"0";"0";"4";"0";"0";"0";"0";"0";"0";"0";"0";"0";"0";"0";"0";"0";"0";"0";"0";"0";"0";"0";"0";"0";"0";"0";"0";"0";"0";"0";"0";"0";"0";"0";"0";"0";"0";"0";"0";"0";"0";"6";"0";"2";"0";"0";"0";"0";"0";"0";"0";"0";"0"
"S-C-P18-H2";"0";"0";"0";"13";"0";"0";"0";"15";"0";"0";"0";"0";"0";"0";"0";"1";"0";"0";"0";"0";"0";"0";"0";"3";"0";"0";"0";"0";"0";"0";"0";"0";"0";"0";"0";"0";"0";"0";"0";"0";"0";"0";"0";"0";"0";"0";"5";"0";"0";"0";"0";"0";"0";"0";"0";"0";"0";"0"
"S-C-P18-H3";"2";"0";"0";"12";"0";"3";"0";"4";"0";"0";"0";"0";"0";"0";"0";"0";"0";"0";"0";"0";"2";"0";"0";"0";"0";"0";"0";"0";"0";"0";"0";"0";"0";"0";"0";"0";"0";"0";"0";"0";"0";"0";"0";"0";"0";"0";"2";"0";"1";"0";"0";"0";"0";"0";"0";"0";"0";"0"
"S-C-P19-H1";"0";"0";"0";"15";"0";"1";"0";"0";"0";"0";"0";"0";"0";"0";"0";"0";"0";"0";"0";"0";"0";"0";"0";"0";"0";"0";"0";"0";"0";"0";"0";"0";"0";"0";"0";"0";"0";"0";"0";"0";"0";"0";"0";"0";"0";"0";"1";"0";"0";"0";"0";"0";"0";"0";"0";"0";"0";"0"
"S-C-P19-H2";"0";"2";"0";"62";"0";"0";"0";"1";"0";"0";"0";"0";"0";"0";"0";"0";"0";"0";"0";"0";"0";"0";"0";"0";"0";"0";"0";"0";"0";"0";"0";"0";"0";"0";"0";"0";"0";"0";"0";"0";"0";"0";"0";"0";"0";"0";"0";"0";"0";"0";"0";"0";"0";"0";"0";"0";"0";"0"
"S-C-P19-H3";"0";"0";"0";"75";"0";"0";"0";"2";"0";"0";"0";"0";"0";"0";"0";"1";"0";"0";"0";"0";"0";"0";"0";"0";"0";"0";"0";"0";"0";"0";"0";"0";"0";"0";"0";"0";"0";"0";"0";"0";"0";"0";"0";"0";"0";"0";"0";"0";"0";"0";"0";"0";"0";"0";"0";"0";"0";"0"
"S-C-P20-H1";"0";"0";"0";"103";"0";"0";"0";"0";"0";"0";"0";"0";"0";"0";"0";"1";"0";"0";"0";"0";"0";"0";"0";"0";"0";"1";"0";"0";"0";"0";"0";"0";"0";"0";"0";"0";"0";"0";"0";"0";"0";"2";"0";"0";"0";"0";"0";"0";"0";"0";"0";"0";"0";"0";"0";"0";"0";"0"
"S-C-P20-H2";"0";"0";"0";"32";"0";"0";"0";"1";"0";"0";"0";"0";"0";"0";"0";"1";"0";"0";"0";"0";"0";"0";"0";"0";"2";"0";"0";"0";"0";"0";"0";"0";"0";"0";"0";"0";"0";"0";"0";"0";"0";"0";"0";"0";"0";"0";"1";"1";"0";"0";"0";"0";"0";"0";"0";"0";"0";"0"
"S-C-P20-H3";"0";"2";"0";"38";"0";"0";"0";"5";"0";"0";"0";"0";"0";"0";"0";"0";"0";"0";"0";"0";"0";"0";"0";"0";"0";"0";"0";"0";"0";"0";"0";"0";"0";"0";"0";"0";"0";"0";"0";"0";"0";"0";"0";"0";"0";"0";"2";"0";"1";"2";"0";"0";"0";"0";"0";"0";"0";"0"
