"pt.rio";"pt.periodo";"pt.rebio";"s.habitat";"s.ponto";"s.trecho";"s.rio";"s.rebio";"c.habitat";"c.ponto";"c.trecho";"c.rio";"c.rebio";"bb.habitat";"bb.ponto";"bb.trecho";"bb.rio";"ca.habitat";"ca.ponto";"ca.trecho";"ca.rio"
"S-B-P05-H1";111;11;1;11111;1111;111;11;1;NA;NA;NA;NA;NA;1111;111;11;1;NA;NA;NA;NA
"S-B-P05-H2";111;11;1;11112;1111;111;11;1;NA;NA;NA;NA;NA;1112;111;11;1;NA;NA;NA;NA
"S-B-P05-H3";111;11;1;11113;1111;111;11;1;NA;NA;NA;NA;NA;1113;111;11;1;NA;NA;NA;NA
"S-B-P06-H1";111;11;1;11114;1112;111;11;1;NA;NA;NA;NA;NA;1114;112;11;1;NA;NA;NA;NA
"S-B-P06-H2";111;11;1;11115;1112;111;11;1;NA;NA;NA;NA;NA;1115;112;11;1;NA;NA;NA;NA
"S-B-P06-H3";111;11;1;11116;1112;111;11;1;NA;NA;NA;NA;NA;1116;112;11;1;NA;NA;NA;NA
"S-B-P07-H1";111;11;1;11117;1113;111;11;1;NA;NA;NA;NA;NA;1117;113;11;1;NA;NA;NA;NA
"S-B-P07-H2";111;11;1;11118;1113;111;11;1;NA;NA;NA;NA;NA;1118;113;11;1;NA;NA;NA;NA
"S-B-P07-H3";111;11;1;11119;1113;111;11;1;NA;NA;NA;NA;NA;1119;113;11;1;NA;NA;NA;NA
"S-B-P08-H1";111;11;1;11120;1114;112;11;1;NA;NA;NA;NA;NA;1120;114;12;1;NA;NA;NA;NA
"S-B-P08-H2";111;11;1;11121;1114;112;11;1;NA;NA;NA;NA;NA;1121;114;12;1;NA;NA;NA;NA
"S-B-P08-H3";111;11;1;11122;1114;112;11;1;NA;NA;NA;NA;NA;1122;114;12;1;NA;NA;NA;NA
"S-B-P09-H1";111;11;1;11123;1115;112;11;1;NA;NA;NA;NA;NA;1123;115;12;1;NA;NA;NA;NA
"S-B-P09-H2";111;11;1;11124;1115;112;11;1;NA;NA;NA;NA;NA;1124;115;12;1;NA;NA;NA;NA
"S-B-P09-H3";111;11;1;11125;1115;112;11;1;NA;NA;NA;NA;NA;1125;115;12;1;NA;NA;NA;NA
"S-B-P10-H1";111;11;1;11126;1116;112;11;1;NA;NA;NA;NA;NA;1126;116;12;1;NA;NA;NA;NA
"S-B-P10-H2";111;11;1;11127;1116;112;11;1;NA;NA;NA;NA;NA;1127;116;12;1;NA;NA;NA;NA
"S-B-P10-H3";111;11;1;11128;1116;112;11;1;NA;NA;NA;NA;NA;1128;116;12;1;NA;NA;NA;NA
"S-C-P12-H1";112;11;1;11129;1117;113;12;1;NA;NA;NA;NA;NA;NA;NA;NA;NA;1111;111;11;1
"S-C-P12-H2";112;11;1;11130;1117;113;12;1;NA;NA;NA;NA;NA;NA;NA;NA;NA;1112;111;11;1
"S-C-P12-H3";112;11;1;11131;1117;113;12;1;NA;NA;NA;NA;NA;NA;NA;NA;NA;1113;111;11;1
"S-C-P13-H1";112;11;1;11132;1118;113;12;1;NA;NA;NA;NA;NA;NA;NA;NA;NA;1114;112;11;1
"S-C-P13-H2";112;11;1;11133;1118;113;12;1;NA;NA;NA;NA;NA;NA;NA;NA;NA;1115;112;11;1
"S-C-P13-H3";112;11;1;11134;1118;113;12;1;NA;NA;NA;NA;NA;NA;NA;NA;NA;1116;112;11;1
"S-C-P14-H1";112;11;1;11135;1119;113;12;1;NA;NA;NA;NA;NA;NA;NA;NA;NA;1117;113;11;1
"S-C-P14-H2";112;11;1;11136;1119;113;12;1;NA;NA;NA;NA;NA;NA;NA;NA;NA;1118;113;11;1
"S-C-P14-H3";112;11;1;11137;1119;113;12;1;NA;NA;NA;NA;NA;NA;NA;NA;NA;1119;113;11;1
"S-C-P15-H1";112;11;1;11138;1120;113;12;1;NA;NA;NA;NA;NA;NA;NA;NA;NA;1120;114;11;1
"S-C-P15-H2";112;11;1;11139;1120;113;12;1;NA;NA;NA;NA;NA;NA;NA;NA;NA;1121;114;11;1
"S-C-P15-H3";112;11;1;11140;1120;113;12;1;NA;NA;NA;NA;NA;NA;NA;NA;NA;1122;114;11;1
"S-C-P16-H1";112;11;1;11141;1121;113;12;1;NA;NA;NA;NA;NA;NA;NA;NA;NA;1123;115;11;1
"S-C-P16-H2";112;11;1;11142;1121;113;12;1;NA;NA;NA;NA;NA;NA;NA;NA;NA;1124;115;11;1
"S-C-P16-H3";112;11;1;11143;1121;113;12;1;NA;NA;NA;NA;NA;NA;NA;NA;NA;1125;115;11;1
"S-C-P17-H1";112;11;1;11144;1122;114;12;1;NA;NA;NA;NA;NA;NA;NA;NA;NA;1126;116;12;1
"S-C-P17-H2";112;11;1;11145;1122;114;12;1;NA;NA;NA;NA;NA;NA;NA;NA;NA;1127;116;12;1
"S-C-P17-H3";112;11;1;11146;1122;114;12;1;NA;NA;NA;NA;NA;NA;NA;NA;NA;1128;116;12;1
"S-C-P18-H1";112;11;1;11147;1123;114;12;1;NA;NA;NA;NA;NA;NA;NA;NA;NA;1129;117;12;1
"S-C-P18-H2";112;11;1;11148;1123;114;12;1;NA;NA;NA;NA;NA;NA;NA;NA;NA;1130;117;12;1
"S-C-P18-H3";112;11;1;11149;1123;114;12;1;NA;NA;NA;NA;NA;NA;NA;NA;NA;1131;117;12;1
"S-C-P19-H1";112;11;1;11150;1124;114;12;1;NA;NA;NA;NA;NA;NA;NA;NA;NA;1132;118;12;1
"S-C-P19-H2";112;11;1;11151;1124;114;12;1;NA;NA;NA;NA;NA;NA;NA;NA;NA;1133;118;12;1
"S-C-P19-H3";112;11;1;11152;1124;114;12;1;NA;NA;NA;NA;NA;NA;NA;NA;NA;1134;118;12;1
"S-C-P20-H1";112;11;1;11153;1125;114;12;1;NA;NA;NA;NA;NA;NA;NA;NA;NA;1135;119;12;1
"S-C-P20-H2";112;11;1;11154;1125;114;12;1;NA;NA;NA;NA;NA;NA;NA;NA;NA;1136;119;12;1
"S-C-P20-H3";112;11;1;11155;1125;114;12;1;NA;NA;NA;NA;NA;NA;NA;NA;NA;1137;119;12;1
"C-B-P05-H1";113;12;1;NA;NA;NA;NA;NA;11111;1111;111;11;1;1111;111;11;1;NA;NA;NA;NA
"C-B-P05-H2";113;12;1;NA;NA;NA;NA;NA;11112;1111;111;11;1;1112;111;11;1;NA;NA;NA;NA
"C-B-P05-H3";113;12;1;NA;NA;NA;NA;NA;11113;1111;111;11;1;1113;111;11;1;NA;NA;NA;NA
"C-B-P06-H1";113;12;1;NA;NA;NA;NA;NA;11114;1112;111;11;1;1114;112;11;1;NA;NA;NA;NA
"C-B-P06-H2";113;12;1;NA;NA;NA;NA;NA;11115;1112;111;11;1;1115;112;11;1;NA;NA;NA;NA
"C-B-P06-H3";113;12;1;NA;NA;NA;NA;NA;11116;1112;111;11;1;1116;112;11;1;NA;NA;NA;NA
"C-B-P07-H1";113;12;1;NA;NA;NA;NA;NA;11117;1113;111;11;1;1117;113;11;1;NA;NA;NA;NA
"C-B-P07-H2";113;12;1;NA;NA;NA;NA;NA;11118;1113;111;11;1;1118;113;11;1;NA;NA;NA;NA
"C-B-P07-H3";113;12;1;NA;NA;NA;NA;NA;11119;1113;111;11;1;1119;113;11;1;NA;NA;NA;NA
"C-B-P08-H1";113;12;1;NA;NA;NA;NA;NA;11120;1114;112;11;1;1120;114;12;1;NA;NA;NA;NA
"C-B-P08-H2";113;12;1;NA;NA;NA;NA;NA;11121;1114;112;11;1;1121;114;12;1;NA;NA;NA;NA
"C-B-P08-H3";113;12;1;NA;NA;NA;NA;NA;11122;1114;112;11;1;1122;114;12;1;NA;NA;NA;NA
"C-B-P09-H1";113;12;1;NA;NA;NA;NA;NA;11123;1115;112;11;1;1123;115;12;1;NA;NA;NA;NA
"C-B-P09-H2";113;12;1;NA;NA;NA;NA;NA;11124;1115;112;11;1;1124;115;12;1;NA;NA;NA;NA
"C-B-P09-H3";113;12;1;NA;NA;NA;NA;NA;11125;1115;112;11;1;1125;115;12;1;NA;NA;NA;NA
"C-B-P10-H1";113;12;1;NA;NA;NA;NA;NA;11126;1116;112;11;1;1126;116;12;1;NA;NA;NA;NA
"C-B-P10-H2";113;12;1;NA;NA;NA;NA;NA;11127;1116;112;11;1;1127;116;12;1;NA;NA;NA;NA
"C-B-P10-H3";113;12;1;NA;NA;NA;NA;NA;11128;1116;112;11;1;1128;116;12;1;NA;NA;NA;NA
"C-C-P12-H1";114;12;1;NA;NA;NA;NA;NA;11129;1117;113;12;1;NA;NA;NA;NA;1111;111;11;1
"C-C-P12-H2";114;12;1;NA;NA;NA;NA;NA;11130;1117;113;12;1;NA;NA;NA;NA;1112;111;11;1
"C-C-P12-H3";114;12;1;NA;NA;NA;NA;NA;11131;1117;113;12;1;NA;NA;NA;NA;1113;111;11;1
"C-C-P13-H1";114;12;1;NA;NA;NA;NA;NA;11132;1118;113;12;1;NA;NA;NA;NA;1114;112;11;1
"C-C-P13-H2";114;12;1;NA;NA;NA;NA;NA;11133;1118;113;12;1;NA;NA;NA;NA;1115;112;11;1
"C-C-P13-H3";114;12;1;NA;NA;NA;NA;NA;11134;1118;113;12;1;NA;NA;NA;NA;1116;112;11;1
"C-C-P14-H1";114;12;1;NA;NA;NA;NA;NA;11135;1119;113;12;1;NA;NA;NA;NA;1117;113;11;1
"C-C-P14-H2";114;12;1;NA;NA;NA;NA;NA;11136;1119;113;12;1;NA;NA;NA;NA;1118;113;11;1
"C-C-P14-H3";114;12;1;NA;NA;NA;NA;NA;11137;1119;113;12;1;NA;NA;NA;NA;1119;113;11;1
"C-C-P15-H1";114;12;1;NA;NA;NA;NA;NA;11138;1120;113;12;1;NA;NA;NA;NA;1120;114;11;1
"C-C-P15-H2";114;12;1;NA;NA;NA;NA;NA;11139;1120;113;12;1;NA;NA;NA;NA;1121;114;11;1
"C-C-P15-H3";114;12;1;NA;NA;NA;NA;NA;11140;1120;113;12;1;NA;NA;NA;NA;1122;114;11;1
"C-C-P16-H1";114;12;1;NA;NA;NA;NA;NA;11141;1121;113;12;1;NA;NA;NA;NA;1123;115;11;1
"C-C-P16-H2";114;12;1;NA;NA;NA;NA;NA;11142;1121;113;12;1;NA;NA;NA;NA;1124;115;11;1
"C-C-P16-H3";114;12;1;NA;NA;NA;NA;NA;11143;1121;113;12;1;NA;NA;NA;NA;1125;115;11;1
"C-C-P17-H1";114;12;1;NA;NA;NA;NA;NA;11144;1122;114;12;1;NA;NA;NA;NA;1126;116;12;1
"C-C-P17-H2";114;12;1;NA;NA;NA;NA;NA;11145;1122;114;12;1;NA;NA;NA;NA;1127;116;12;1
"C-C-P17-H3";114;12;1;NA;NA;NA;NA;NA;11146;1122;114;12;1;NA;NA;NA;NA;1128;116;12;1
"C-C-P18-H1";114;12;1;NA;NA;NA;NA;NA;11147;1123;114;12;1;NA;NA;NA;NA;1129;117;12;1
"C-C-P18-H2";114;12;1;NA;NA;NA;NA;NA;11148;1123;114;12;1;NA;NA;NA;NA;1130;117;12;1
"C-C-P18-H3";114;12;1;NA;NA;NA;NA;NA;11149;1123;114;12;1;NA;NA;NA;NA;1131;117;12;1
"C-C-P19-H1";114;12;1;NA;NA;NA;NA;NA;11150;1124;114;12;1;NA;NA;NA;NA;1132;118;12;1
"C-C-P19-H2";114;12;1;NA;NA;NA;NA;NA;11151;1124;114;12;1;NA;NA;NA;NA;1133;118;12;1
"C-C-P19-H3";114;12;1;NA;NA;NA;NA;NA;11152;1124;114;12;1;NA;NA;NA;NA;1134;118;12;1
"C-C-P20-H1";114;12;1;NA;NA;NA;NA;NA;11153;1125;114;12;1;NA;NA;NA;NA;1135;119;12;1
"C-C-P20-H2";114;12;1;NA;NA;NA;NA;NA;11154;1125;114;12;1;NA;NA;NA;NA;1136;119;12;1
"C-C-P20-H3";114;12;1;NA;NA;NA;NA;NA;11155;1125;114;12;1;NA;NA;NA;NA;1137;119;12;1
