"Mud";"Sand";"Gravel_f";"Rocks";"Macrophytes";"Grass";"Subm_veg";"Overh_veg";"Leaf_l";"Root_masses";"Algae";"Debris";"Cond_uS.cm";"Turb_ntu";"pH";"Vel_m.s";"Elev_m";"Slope";"Depth_max_cm";"Depth_avg_cm";"Depth_mar_cm";"Width_m"
"S-B-P05-H1";0.134394206455945;0;0;0;0.11690849646625;0;0.0902895900898906;0.1406440093825;0.120854688457345;0;0.170338414861454;0.136676208775092;11.5758369027902;2.61725046566048;2.51594912508182;0.158113883008419;10.3474634572923;1.22474487139159;4;3.69684550213648;4;1.90787840283389
"S-B-P05-H2";0.134394206455945;0;0;0;0.11690849646625;0;0.0902895900898906;0.1406440093825;0.120854688457345;0;0.170338414861454;0.136676208775092;12.8218563398597;3.27108544675922;2.73130005674953;0.158113883008419;10.3474634572923;1;4;3.69684550213648;4;1.90787840283389
"S-B-P05-H3";0.134394206455945;0;0;0;0.11690849646625;0;0.0902895900898906;0.1406440093825;0.120854688457345;0;0.170338414861454;0.136676208775092;11.8701305805791;2.14941852602047;2.67394839142419;0.158113883008419;10.3474634572923;1;4;3.69684550213648;4;1.90787840283389
"S-B-P06-H1";0.134394206455945;0;0;0;0.289751701436047;0.0846466725956981;0.0902895900898906;0.132551532296674;0.085352888968914;0.0741929800262361;0;0.0556529940802404;12.4137021069462;1.46287388383278;2.6134268690744;0.187668684393898;10.6226173799116;1.58113883008419;5.56776436283002;4.50924975282289;5.47722557505166;2.0976176963403
"S-B-P06-H2";0.134394206455945;0;0;0;0.289751701436047;0.0846466725956981;0.156815685344401;0.136656187888186;0.0381338842499038;0.128743504696743;0.0758826075547619;0.0609711041881237;12.5219806739988;1.4560219778561;2.78028775489157;0.187668684393898;10.6226173799116;1.58113883008419;5.56776436283002;4.50924975282289;5.47722557505166;2.0976176963403
"S-B-P06-H3";0.134394206455945;0;0;0;0;0.0846466725956981;0.0902895900898906;0.132551532296674;0.085352888968914;0.0741929800262361;0;0.0556529940802404;11.5801554393713;3.75499667110372;2.42280828791714;0.187668684393898;10.6226173799116;1.58113883008419;5.3851648071345;5.32290647422377;5.47722557505166;1.51657508881031
"S-B-P07-H1";0.12745891080238;0.0542992141556252;0;0;0;0.0846466725956981;0;0.1406440093825;0.210365409180629;0.128743504696743;0.107417708691539;0.0964937348171228;9.91362698511498;1.22882057274445;2.4;0.148930608173044;9.43647179829411;1.58113883008419;4.69041575982343;4;6.48074069840786;1.44913767461894
"S-B-P07-H2";0.12745891080238;0.0542992141556252;0;0;0;0;0;0.136656187888186;0.085352888968914;0.105021432907778;0.354801426767521;0.0825980131614726;12.6570138658374;3.04138126514911;2.45967477524977;0.329281445174651;9.43647179829411;1.22474487139159;4.47213595499958;4.50924975282289;5.3851648071345;1.06770782520313
"S-B-P07-H3";0.12745891080238;0.0542992141556252;0;0;0;0.0378189678730086;0.127863465955281;0.132551532296674;0.19179696150496;0.0741929800262361;0.242089432017423;0.0556529940802404;11.3357840487546;1.58745078663875;2.13307290077015;0.295342875875173;9.43647179829411;1.58113883008419;5.09901951359278;4.76095228569524;3.87298334620742;1.34164078649987
"S-B-P08-H1";0.120133054154399;0.0768285149391977;0;0;0.415952086950107;0.270648871043365;0;0.0810220358996557;0.210365409180629;0;0.298001219593757;0.136676208775092;12.7003936946852;2.50199920063936;2.44948974278318;0;9.4371076077366;1.4142135623731;7.48331477354788;7.16472842006822;7;2.14476105895272
"S-B-P08-H2";0.120133054154399;0.0768285149391977;0;0;0.263871780465142;0.169907570732215;0.0902895900898906;0.0810220358996557;0.171335640668799;0;0.345887503613428;0.147704468023667;12.7200628929263;2.60768096208106;2.43515913237718;0;9.4371076077366;1.4142135623731;7.48331477354788;7.16472842006822;9.32737905308882;2.14476105895272
"S-B-P08-H3";0.120133054154399;0.0768285149391977;0;0;0.250032893098804;0.263630283319687;0.0902895900898906;0.0810220358996557;0.210365409180629;0;0.298001219593757;0.136676208775092;12.6015872016187;2.47588368062799;2.42280828791714;0.338753742947079;9.4371076077366;1.4142135623731;6.16441400296898;5.47722557505166;4.69041575982343;1.43178210632764
"S-B-P09-H1";0.120133054154399;0.0768285149391977;0;0;0;0;0.127863465955281;0.132551532296674;0.210365409180629;0.236605046303803;0;0.0248784960567547;12.8646803302686;4.14728827066554;2.56709953059869;0.529150262212918;8.42751446157169;1.73205080756888;4.58257569495584;3.95811402901264;4.47213595499958;0.9
"S-B-P09-H2";0.103975454748415;0.108759355825732;0;0;0;0;0.181325933454012;0.123944943796927;0.0381338842499038;0.31991455391385;0;0.0787459546769796;12.774975538137;4.20713679359253;2.56709953059869;0.5;8.42751446157169;1.73205080756888;4.69041575982343;3.87298334620742;4.47213595499958;1.26491106406735
"S-B-P09-H3";0.112340226900395;0.0941417852014684;0;0;0;0;0.181325933454012;0.114708530313698;0.120854688457345;0.31991455391385;0;0.157985579548826;12.6964561984831;4.18330013267038;2.56709953059869;0.589767824619589;8.42751446157169;1.4142135623731;4.47213595499958;4.43471156521669;4.47213595499958;1.15325625946708
"S-B-P10-H1";0.0599580698929003;0.154115265696391;0;0;0.11690849646625;0.119852302420205;0.0902895900898906;0.0330469447921279;0.120854688457345;0;0;0.0964937348171228;12.4579292019179;4.91934955049954;2.6944387170615;0.14824986333222;6.44003105582574;1.22474487139159;6.85565460040104;6.37704215656967;7.21110255092798;2.68328157299975
"S-B-P10-H2";0.0599580698929003;0.154115265696391;0;0;0;0.0378189678730086;0.127863465955281;0.0661300493131706;0.085352888968914;0.105021432907778;0;0.11147930043405;12.5658266739598;5.89915248150105;2.59036676939772;0.14824986333222;6.44003105582574;1.4142135623731;6.85565460040104;6.37704215656967;6.16441400296898;2.68328157299975
"S-B-P10-H3";0.0948875659351544;0.121656952038164;0;0;0;0.208603261001946;0;0;0.0381338842499038;0;0;0.0787459546769796;12.2351951353462;5.46808924579693;2.57099202643649;0.14824986333222;6.44003105582574;1;6.85565460040104;6.37704215656967;6.78232998312527;2.68328157299975
"S-C-P12-H1";0.12745891080238;0.0542992141556252;0;0;0;0;0;0.1406440093825;0.085352888968914;0.0741929800262361;0;0.0704179367832086;10.9635760589326;2.82842712474619;2.5377155080899;0.433310705476203;8.94427190999916;1;2.44948974278318;2.3094010767585;2.44948974278318;0.435889894354067
"S-C-P12-H2";0.12745891080238;0.0542992141556252;0;0;0;0;0;0.136656187888186;0.148197980260823;0.0741929800262361;0;0.11147930043405;11.0815161417561;1.4142135623731;2.46373699895098;0.234863792808026;8.94427190999916;1.22474487139159;3.16227766016838;2.64575131106459;3;0.728010988928052
"S-C-P12-H3";0.12745891080238;0.0542992141556252;0;0;0;0;0;0.1406440093825;0.120854688457345;0;0.170338414861454;0.0964937348171228;11.3929802949009;3.16227766016838;2.40831891575846;0.332516241736845;8.94427190999916;1.22474487139159;4.47213595499958;4.12310562561766;3.87298334620742;1.04403065089106
"S-C-P13-H1";0.0423840485585749;0.163545696607395;0;0;0;0;0.0902895900898906;0.132551532296674;0.085352888968914;0.105021432907778;0;0.0964937348171228;10.733126291999;3.16227766016838;2.45153013442625;0.501795337912858;9.32737905308882;1;4.24264068711928;3.55902608401044;3.3166247903554;0.948683298050514
"S-C-P13-H2";0.0423840485585749;0.163545696607395;0;0;0.11690849646625;0;0;0.0810220358996557;0.120854688457345;0.0741929800262361;0;0.0787459546769796;11.0634533487515;2.82842712474619;2.44948974278318;0.458992546021579;9.32737905308882;1.4142135623731;3.60555127546399;3.21455025366431;3.74165738677394;1.03923048454133
"S-C-P13-H3";0.120133054154399;0.0768285149391977;0;0;0;0;0;0.0935904319454356;0.120854688457345;0.128743504696743;0;0.157985579548826;10.554619841567;1.4142135623731;2.48797106092495;0.146020415081142;9.32737905308882;1.4142135623731;6.48074069840786;5;6.16441400296898;1.22474487139159
"S-C-P14-H1";0.0299655602041395;0.168069322538067;0;0;0;0;0;0.114708530313698;0.085352888968914;0.148798345176716;0;0.12470260049025;12.0706255016051;2.64575131106459;2.44744765010408;0.216692651278653;8.71779788708135;1.87082869338697;4.47213595499958;4.04145188432738;3.60555127546399;1.49666295470958
"S-C-P14-H2";0.0299655602041395;0.168069322538067;0;0;0;0;0;0.104675645197054;0.085352888968914;0.128743504696743;0;0.136676208775092;10.816653826392;5.29150262212918;2.54165300542777;0.678620892538296;8.71779788708135;1.73205080756888;4.12310562561766;3.74165738677394;3.3166247903554;1.18321595661992
"S-C-P14-H3";0.0299655602041395;0.163545696607395;0.463647609000806;0;0;0;0;0.114708530313698;0.085352888968914;0.105021432907778;0;0.136676208775092;13.5720300618588;3.74165738677394;2.51197133741609;0.39357531285191;8.71779788708135;1.73205080756888;4.35889894354067;3.26598632371091;3.16227766016838;0.979795897113271
"S-C-P15-H1";0.0423840485585749;0.163545696607395;0;0;0;0;0;0.0935904319454356;0.120854688457345;0.0741929800262361;0;0.11147930043405;15.8366663158633;3.3166247903554;2.52388589282479;0.398862017608733;9.2736184954957;1.58113883008419;5.47722557505166;5.09901951359278;3.74165738677394;1.03923048454133
"S-C-P15-H2";0.0423840485585749;0.163545696607395;0;0;0;0;0;0.0935904319454356;0.085352888968914;0;0;0.0787459546769796;15.241391012634;2.82842712474619;2.50399680510978;0.328645741571637;9.2736184954957;1.58113883008419;4.69041575982343;4.58257569495584;4.35889894354067;0.748331477354788
"S-C-P15-H3";0.0423840485585749;0.154115265696391;0.684719203002283;0;0;0;0;0.0935904319454356;0.085352888968914;0.105021432907778;0;0.157985579548826;15.5884572681199;4.58257569495584;2.56320112359526;0.300420884063055;9.2736184954957;1.22474487139159;3.74165738677394;3.26598632371091;4.79583152331272;1.07238052947636
"S-C-P16-H1";0.134394206455945;0;0;0;0.263871780465142;0.270648871043365;0.181325933454012;0.0330469447921279;0.085352888968914;0.0741929800262361;0;0.0787459546769796;11.7940663047144;2.82842712474619;2.54950975679639;0;8.71779788708135;1;14.142135623731;6.32455532033676;4.24264068711928;3.49571165858971
"S-C-P16-H2";0.134394206455945;0;0;0;0.37777745578603;0.270648871043365;0.181325933454012;0;0;0;0;0;12.7357763799464;2.23606797749979;2.50998007960223;0;8.71779788708135;1;14.142135623731;6.40312423743285;5.19615242270663;2.9086079144498
"S-C-P16-H3";0.134394206455945;0;0;0;0.37777745578603;0.24147093223851;0.181325933454012;0;0;0;0;0;12.5059985606908;3.46410161513775;2.60768096208106;0;8.71779788708135;1;14.142135623731;6.48074069840786;5.74456264653803;4.33128156554154
"S-C-P17-H1";0.130971417646998;0.0383859039232417;0;0;0;0.0846466725956981;0.156815685344401;0.0467439520582404;0.085352888968914;0.128743504696743;0;0.167657150219771;11.3092882180975;3.67423461417477;2.56904651573303;0.289520805350722;7;1.22474487139159;10;9.93310961716756;10;2.34520787991171
"S-C-P17-H2";0.134394206455945;0;0;0;0;0.0846466725956981;0.0902895900898906;0.0810220358996557;0.085352888968914;0.0741929800262361;0;0.167657150219771;11.3754120804479;3.82099463490856;2.55147016443461;0.323440030438554;7;1;9.05538513813742;8.36660026534076;8.60232526704263;1.84390889145858
"S-C-P17-H3";0.12745891080238;0;0;1.5707963267949;0;0.0846466725956981;0.0902895900898906;0.0572598539598177;0.085352888968914;0.0741929800262361;0;0;11.4280357017293;3.44963766213207;2.55342906696074;0.339109717029744;7;1;8.36660026534076;7.76745346515403;2.23606797749979;2.00748598998847
"S-C-P18-H1";0.134394206455945;0;0;0;0.203430740271083;0.0846466725956981;0.156815685344401;0;0.085352888968914;0;0;0;11.4324100696222;3.42052627529741;2.6153393661244;0.334178286104219;6.85565460040104;1;8.48528137423857;7.95822425754221;7.07106781186548;3.39116499156263
"S-C-P18-H2";0.0299655602041395;0.158898087069065;0.684719203002283;0;0;0;0.0902895900898906;0.0810220358996557;0.085352888968914;0.128743504696743;0;0.147704468023667;11.6876002669496;3.05286750449475;2.58843582110896;0.426750735358831;6.85565460040104;1;9.21954445729289;8.06225774829855;6.32455532033676;3.26802692767364
"S-C-P18-H3";0.0299655602041395;0.168069322538067;0;0;0;0;0;0.104675645197054;0;0.105021432907778;0;0.12470260049025;11.5758369027902;3.53553390593274;2.56904651573303;0.412673875500299;6.85565460040104;1;9.64365076099295;7.95822425754221;6.2449979983984;2.30217288664427
"S-C-P19-H1";0;0.172478730953101;0;0;0;0;0.0902895900898906;0.114708530313698;0.085352888968914;0.0741929800262361;0;0.0556529940802404;11.8194754536739;3.33166624979154;2.58843582110896;0.574674682540454;7.34846922834953;1.4142135623731;6;5.8878405775519;5.29150262212918;1.44913767461894
"S-C-P19-H2";0;0.172478730953101;0;0;0;0;0;0.114708530313698;0.085352888968914;0.128743504696743;0;0.0556529940802404;11.5758369027902;2.06639783197718;2.55734237050888;0.580454325265715;7.34846922834953;1.4142135623731;7.48331477354788;6.87992248018343;6.40312423743285;1.60934769394311
"S-C-P19-H3";0;0.172478730953101;0;0;0;0;0;0.114708530313698;0.085352888968914;0.0741929800262361;0;0.0964937348171228;11.1220501707194;2.97825452236709;2.57681974534503;0.651220554303803;7.34846922834953;1.4142135623731;6.48074069840786;6;6.32455532033676;1.63401346383682
"S-C-P20-H1";0.134394206455945;0;0;0;0;0;0.127863465955281;0.104675645197054;0.148197980260823;0.105021432907778;0;0.12470260049025;11.7770964163498;3.76828873628335;2.59036676939772;0.338837073785849;7;1.22474487139159;8.36660026534076;9.2736184954957;9.69535971483266;1.67332005306815
"S-C-P20-H2";0.134394206455945;0;0;0;0;0;0.127863465955281;0.104675645197054;0.148197980260823;0.105021432907778;0;0.12470260049025;11.2071405808975;3.00166620396073;2.62488094968134;0.356484151913532;7;1.22474487139159;10.2469507659596;9.03696114115064;7.41619848709566;1.51657508881031
"S-C-P20-H3";0.134394206455945;0;0;0;0;0;0.20301105453375;0.123944943796927;0.148197980260823;0.105021432907778;0;0.12470260049025;11.7770964163498;3.71483512420134;2.58456959666402;0.406625030395222;7;1.22474487139159;10.4880884817015;10.4880884817015;5.74456264653803;2.30217288664427
"C-B-P05-H1";0.134394206455945;0;0;0;0.11690849646625;0.0846466725956981;0.156815685344401;0.104675645197054;0.085352888968914;0.105021432907778;0;0.167657150219771;11.3490087672889;1.4142135623731;2.19317121994613;0.400427350549233;10.3474634572923;1.22474487139159;3.87298334620742;3;1.73205080756888;2.73861278752583
"C-B-P05-H2";0.134394206455945;0;0;0;0.165714636722299;0.0846466725956981;0.0902895900898906;0.0935904319454356;0.085352888968914;0.0741929800262361;0;0.11147930043405;11.7430830704717;1.73205080756888;2.20680764907139;0.198863101371939;10.3474634572923;1.22474487139159;4.12310562561766;3.60555127546399;2.82842712474619;2.08566536146142
"C-B-P05-H3";0.134394206455945;0;0;0;0.11690849646625;0.119852302420205;0.127863465955281;0.104675645197054;0.085352888968914;0.128743504696743;0;0.136676208775092;10.9178752511649;1.73205080756888;2.17255609824004;0.401674455879348;10.3474634572923;1.4142135623731;3.60555127546399;3.74165738677394;3.46410161513775;3.76031913539263
"C-B-P06-H1";0.134394206455945;0;0;0;0;0.119852302420205;0.127863465955281;0.104675645197054;0.19179696150496;0.128743504696743;0;0.11147930043405;11.9498953970317;2;2.14009345590327;0.274348680614414;10.6226173799116;1.73205080756888;6.32455532033676;5;3;2.21359436211787
"C-B-P06-H2";0.134394206455945;0;0;0;0;0.119852302420205;0.127863465955281;0.104675645197054;0.19179696150496;0.128743504696743;0;0.11147930043405;12.169634341261;2;2.13307290077015;0.307619506956001;10.6226173799116;1.73205080756888;6.16441400296898;5.62731433871138;4.79583152331272;3.03315017762062
"C-B-P06-H3";0.134394206455945;0;0;0;0;0.146965799338729;0.0902895900898906;0.132551532296674;0.085352888968914;0.105021432907778;0;0.11147930043405;12.3369364106329;1.73205080756888;2.18403296678416;0.490054791188654;10.6226173799116;1.58113883008419;5.19615242270663;4.04145188432738;2.82842712474619;0.812403840463596
"C-B-P07-H1";0.134394206455945;0;0;0;0;0.146965799338729;0.127863465955281;0.123944943796927;0.120854688457345;0.128743504696743;0;0.136676208775092;12.4257796536073;2.64575131106459;2.25388553391693;0.430616376344606;9.43647179829411;1.58113883008419;6.2449979983984;4.69041575982343;2.64575131106459;1.44913767461894
"C-B-P07-H2";0.134394206455945;0;0;0;0;0;0.127863465955281;0.114708530313698;0.120854688457345;0.105021432907778;0;0.11147930043405;12.3531372533458;1.73205080756888;2.12837966537928;0.454612551077601;9.43647179829411;1.58113883008419;4.69041575982343;4.58257569495584;2.64575131106459;1.18321595661992
"C-B-P07-H3";0.134394206455945;0;0;0;0;0.146965799338729;0.0902895900898906;0.128318825583499;0.148197980260823;0.148798345176716;0;0.12470260049025;11.4367827643966;2.44948974278318;2.17715410570772;0.449986339907733;9.43647179829411;1.73205080756888;6.85565460040104;6.40312423743285;3.60555127546399;1.78885438199983
"C-B-P08-H1";0.134394206455945;0;0;0;0;0.146965799338729;0.127863465955281;0.0739491453337472;0.120854688457345;0.105021432907778;0.388768413744266;0.0964937348171228;12.1983605455815;2;2.23383079036887;0;9.4371076077366;1;7.74596669241483;7.02376916856849;7.61577310586391;4
"C-B-P08-H2";0.134394206455945;0;0;0;0;0.146965799338729;0.127863465955281;0.0739491453337472;0.120854688457345;0.105021432907778;0.388768413744266;0.0964937348171228;11.8995798245148;2.23606797749979;2.28254244210267;0;9.4371076077366;1;7.74596669241483;7.02376916856849;7.61577310586391;4
"C-B-P08-H3";0.0299655602041395;0.168069322538067;0;0;0;0.146965799338729;0.0902895900898906;0.104675645197054;0.120854688457345;0.0741929800262361;0.298001219593757;0.0556529940802404;12.3571841452655;2.44948974278318;2.2293496809608;0.321649605649785;9.4371076077366;1;5.91607978309962;5.32290647422377;4;1.53622914957372
"C-B-P09-H1";0.0423840485585749;0.163545696607395;0;0;0;0;0.127863465955281;0.132551532296674;0.120854688457345;0.105021432907778;0;0.0964937348171228;11.827933040054;3.3166247903554;2.33023603954621;0.434988228290356;8.42751446157169;1.22474487139159;5.8309518948453;5.32290647422377;3.46410161513775;1.37840487520902
"C-B-P09-H2";0.0299655602041395;0.168069322538067;0;0;0;0;0.0902895900898906;0.123944943796927;0.085352888968914;0.0741929800262361;0;0.0964937348171228;10.9909053312273;3.46410161513775;2.34520787991171;0.570497905385129;8.42751446157169;1.22474487139159;5.47722557505166;4.96655480858378;3.3166247903554;1.4142135623731
"C-B-P09-H3";0.0299655602041395;0.168069322538067;0;0;0;0;0;0.114708530313698;0.085352888968914;0.105021432907778;0;0.11147930043405;11.7601020403736;3.87298334620742;2.30651251893416;0.415093231329627;8.42751446157169;1.22474487139159;5.47722557505166;5.3851648071345;5.47722557505166;1.58113883008419
"C-B-P10-H1";0.0599580698929003;0.154115265696391;0;0;0;0.146965799338729;0.0902895900898906;0.0330469447921279;0.085352888968914;0.105021432907778;0.170338414861454;0.0556529940802404;10.2469507659596;3.16227766016838;2.37486841740758;0.238704958013144;6.44003105582574;1;4.47213595499958;5.03322295684716;4.12310562561766;2.93257565972304
"C-B-P10-H2";0.0423840485585749;0.163545696607395;0;0;0;0.190194372819235;0.127863465955281;0;0;0;0;0;12.0124934963562;4.24264068711928;2.30867927612304;0.344776345016896;6.44003105582574;1;6.32455532033676;5.8309518948453;4.47213595499958;3.19374388453426
"C-B-P10-H3";0.134394206455945;0;0;0;0.11690849646625;0.270648871043365;0;0;0;0;0;0;11.4978258814438;3.46410161513775;2.3;0;6.44003105582574;1;4.69041575982343;5.47722557505166;5.29150262212918;2.21359436211787
"C-C-P12-H1";0.12745891080238;0.0542992141556252;0;0;0;0;0.0902895900898906;0.132551532296674;0.085352888968914;0.105021432907778;0;0.12470260049025;9.23038460737146;18.6010752377383;2.36008474424119;0.584106569451404;8.94427190999916;1;4.35889894354067;3.69684550213648;3.16227766016838;1.18321595661992
"C-C-P12-H2";0.12745891080238;0.0542992141556252;0;0;0;0;0.0902895900898906;0.132551532296674;0.085352888968914;0.105021432907778;0;0.12470260049025;10.3489129863962;8.30662386291807;2.343074902772;0.584106569451404;8.94427190999916;1;4.35889894354067;3.69684550213648;3.16227766016838;1.18321595661992
"C-C-P12-H3";0.12745891080238;0.0542992141556252;0;0;0;0;0;0.128318825583499;0.085352888968914;0.0741929800262361;0;0.157985579548826;10.2371871136558;6.32455532033676;2.31300670124408;0.766739510380394;8.94427190999916;1.4142135623731;6;4.76095228569524;3.74165738677394;1.37840487520902
"C-C-P13-H1";0.12745891080238;0.0542992141556252;0;0;0;0;0.127863465955281;0.123944943796927;0.085352888968914;0.128743504696743;0;0.12470260049025;9.09120454065357;3;2.3473389188611;0.624756002333079;9.32737905308882;1.4142135623731;6.78232998312527;5.06622805119022;3.87298334620742;1.3228756555323
"C-C-P13-H2";0.12745891080238;0.0542992141556252;0;0;0;0;0.127863465955281;0.132551532296674;0.085352888968914;0.105021432907778;0;0.147704468023667;8.84872872225158;4.58257569495584;2.39374184071716;0.650668906128303;9.32737905308882;1.4142135623731;7.28010988928052;6.02771377334171;5;1.92353840616713
"C-C-P13-H3";0.12745891080238;0.0542992141556252;0;0;0;0;0.156815685344401;0.132551532296674;0.085352888968914;0.0741929800262361;0;0.136676208775092;9.10659101969557;4.47213595499958;2.44131112314674;0.476082533204574;9.32737905308882;1.4142135623731;6.85565460040104;5.06622805119022;3.74165738677394;1.70293863659264
"C-C-P14-H1";0;0.172478730953101;0;0;0;0;0.127863465955281;0.136656187888186;0.085352888968914;0.105021432907778;0;0.0964937348171228;13.457340004622;6.40312423743285;2.46373699895098;0.621027319149067;8.71779788708135;1.87082869338697;5.47722557505166;4.79583152331272;3.74165738677394;1.44913767461894
"C-C-P14-H2";0;0.172478730953101;0;0;0;0;0.0902895900898906;0.123944943796927;0.085352888968914;0.0741929800262361;0;0.0787459546769796;10.770329614269;5.74456264653803;2.45356882927706;0.572196463869476;8.71779788708135;1.87082869338697;4.47213595499958;3.78593889720018;3.60555127546399;2.58843582110896
"C-C-P14-H3";0.0734553873769661;0.144089709075323;0;0;0;0;0.156815685344401;0.123944943796927;0.085352888968914;0.105021432907778;0;0.136676208775092;9.60468635614927;6.6332495807108;2.44335834457412;0.631733962452431;8.71779788708135;1.58113883008419;6.70820393249937;6.37704215656967;3.87298334620742;2.30217288664427
"C-C-P15-H1";0.0299655602041395;0.168069322538067;0;0;0;0;0;0.104675645197054;0.120854688457345;0.166516845834951;0;0.0787459546769796;15.0432709209134;2.44948974278318;2.46170672501823;0.519274117040951;9.2736184954957;1.58113883008419;4;3.6514837167011;2.82842712474619;1.04880884817015
"C-C-P15-H2";0;0.172478730953101;0;0;0;0.0846466725956981;0;0.114708530313698;0.085352888968914;0.0741929800262361;0;0.0787459546769796;13.1339255365637;2.82842712474619;2.45560583156173;0.549887088351059;9.2736184954957;1.58113883008419;5.74456264653803;4.58257569495584;2.82842712474619;1.14017542509914
"C-C-P15-H3";0.0423840485585749;0.163545696607395;0;0;0;0;0;0.123944943796927;0.120854688457345;0.105021432907778;0;0.11147930043405;14.5945195193264;4;2.49599679486974;0.493006648591635;9.2736184954957;1.58113883008419;3.74165738677394;3.36650164612069;3.16227766016838;1.06770782520313
"C-C-P16-H1";0;0.172478730953101;0;0;0;0.146965799338729;0.156815685344401;0;0;0;0;0.0556529940802404;14.5773797371133;2.64575131106459;2.63248931621764;0;8.71779788708135;1;10.4880884817015;5.19615242270663;3.60555127546399;4.24264068711928
"C-C-P16-H2";0.134394206455945;0;0;0;0;0.24147093223851;0.181325933454012;0;0;0;0;0.0787459546769796;11.8869676536954;4.47213595499958;2.50399680510978;0;8.71779788708135;1;10.4880884817015;3.74610909255634;4.35889894354067;4.24264068711928
"C-C-P16-H3";0.134394206455945;0;0;0;0;0.24147093223851;0.0902895900898906;0;0.085352888968914;0;0;0;10.4546640309481;4;2.49399278266799;0;8.71779788708135;1;10.4880884817015;5.8309518948453;3.46410161513775;5.14392845984467
"C-C-P17-H1";0.134394206455945;0;0;0;0;0.119852302420205;0.127863465955281;0.0739491453337472;0;0.105021432907778;0;0.147704468023667;10.5309068935206;7.81024967590665;2.51197133741609;0.61618727544822;7;1.58113883008419;7.07106781186548;5;4.58257569495584;2.40831891575846
"C-C-P17-H2";0.134394206455945;0;0;0;0;0.0846466725956981;0.127863465955281;0.0810220358996557;0;0.128743504696743;0;0.12470260049025;11.1758668567588;7.14142842854285;2.50599281722833;0.712470499879097;7;1.73205080756888;10.4880884817015;3.96106046406767;4.24264068711928;2.21359436211787
"C-C-P17-H3";0.134394206455945;0;0;0;0;0.0846466725956981;0.156815685344401;0.0572598539598177;0;0.128743504696743;0;0.0556529940802404;10.7888831674089;6.32455532033676;2.50998007960223;0.662702310406287;7;1.87082869338697;9.48683298050514;7.52772652709081;3.46410161513775;2.40831891575846
"C-C-P18-H1";0.134394206455945;0;0;0;0.165714636722299;0.119852302420205;0.181325933454012;0;0;0;0;0;10.9316055545377;6.40312423743285;2.51992063367083;0.365929856505538;6.85565460040104;1;9;6.67083203206317;4.79583152331272;4.49444101084885
"C-C-P18-H2";0.134394206455945;0;0;0;0;0.0846466725956981;0.127863465955281;0.104675645197054;0.120854688457345;0.0741929800262361;0;0.136676208775092;10.2420701032555;6.48074069840786;2.5;0.232025431380995;6.85565460040104;1;9.05538513813742;6.73300329224138;3.46410161513775;5.8821764679411
"C-C-P18-H3";0.134394206455945;0;0;0;0;0.0846466725956981;0.127863465955281;0.123944943796927;0.120854688457345;0.0741929800262361;0;0.136676208775092;10.0399203184089;8;2.45967477524977;0.232025431380995;6.85565460040104;1;5.29150262212918;4.24264068711928;3;5.8821764679411
"C-C-P19-H1";0.0299655602041395;0.168069322538067;0;0;0;0;0;0.123944943796927;0.085352888968914;0.0741929800262361;0;0;11.7046999107196;3.74165738677394;2.59422435421457;0.620685437857454;7.34846922834953;1.87082869338697;6.92820323027551;6.37704215656967;5.47722557505166;1.81659021245849
"C-C-P19-H2";0;0.172478730953101;0;0;0;0;0;0.104675645197054;0;0.105021432907778;0;0;11.2427754580442;3.46410161513775;2.53574446662119;0.653520993415403;7.34846922834953;1.58113883008419;8.60232526704263;8;7.28010988928052;1.61245154965971
"C-C-P19-H3";0.0299655602041395;0.168069322538067;0;0;0;0;0;0.123944943796927;0.085352888968914;0.0741929800262361;0;0;11.1713920350152;3.3166247903554;2.64386081328046;0.74654192163892;7.34846922834953;1.58113883008419;8.88819441731559;7.37111479583199;7.54983443527075;1.18321595661992
"C-C-P20-H1";0.0299655602041395;0.168069322538067;0;0;0;0;0.0902895900898906;0.0935904319454356;0;0.105021432907778;0;0.0787459546769796;11.2205169221387;3;2.58263431402899;0.502900036927951;7;1.4142135623731;9.89949493661167;7.14142842854285;7.54983443527075;1.87082869338697
"C-C-P20-H2";0.0299655602041395;0.168069322538067;0;0;0;0;0;0.132551532296674;0.085352888968914;0.128743504696743;0;0.0556529940802404;11.8152443901935;2.82842712474619;2.72946881279124;0.537370416992969;7;1.4142135623731;8.77496438739212;7.93725393319377;5.91607978309962;1.54919333848297
"C-C-P20-H3";0.12745891080238;0.0542992141556252;0;0;0;0;0;0.132551532296674;0;0.128743504696743;0;0.0964937348171228;11.6961532137708;3.60555127546399;2.68141753555838;0.608258874453099;7;1.73205080756888;7.41619848709566;6.557438524302;4.47213595499958;1.70293863659264
