"w.Cond_uS.cm";"w.Turb_ntu";"w.pH";"w.Vel_m.s";"m.Elev_m";"m.Slope";"m.Depth_max_cm";"m.Depth_avg_cm";"m.Depth_mar_cm";"m.Width_m";"s.Mud";"s.Sand";"s.Gravel_f";"s.Rocks";"h.Macrophytes";"h.Grass";"h.Subm_veg";"h.Overh_veg";"h.Leaf_l";"h.Root_masses";"h.Algae";"h.Debris"
"S-B-P05-H1";134;6.85;6.33;0.025;107.07;1.5;16;13.6666666666667;16;3.64;100;0;0;0;5;0;5;90;10;0;5;30
"S-B-P05-H2";164.4;10.7;7.46;0.025;107.07;1;16;13.6666666666667;16;3.64;100;0;0;0;5;0;5;90;10;0;5;30
"S-B-P05-H3";140.9;4.62;7.15;0.025;107.07;1;16;13.6666666666667;16;3.64;100;0;0;0;5;0;5;90;10;0;5;30
"S-B-P06-H1";154.1;2.14;6.83;0.0352195351021366;112.84;2.5;31;20.3333333333333;30;4.4;100;0;0;0;30;5;5;80;5;5;0;5
"S-B-P06-H2";156.8;2.12;7.73;0.0352195351021366;112.84;2.5;31;20.3333333333333;30;4.4;100;0;0;0;30;5;15;85;1;15;1;6
"S-B-P06-H3";134.1;14.1;5.87;0.0352195351021366;112.84;2.5;29;28.3333333333333;30;2.3;100;0;0;0;0;5;5;80;5;5;0;5
"S-B-P07-H1";98.28;1.51;5.76;0.0221803260507929;89.047;2.5;22;16;42;2.1;90;10;0;0;0;5;0;90;30;15;2;15
"S-B-P07-H2";160.2;9.25;6.05;0.108426270136307;89.047;1.5;20;20.3333333333333;29;1.14;90;10;0;0;0;0;0;85;5;10;21;11
"S-B-P07-H3";128.5;2.52;4.55;0.0872274143302181;89.047;2.5;26;22.6666666666667;15;1.8;90;10;0;0;0;1;10;80;25;5;10;5
"S-B-P08-H1";161.3;6.26;6;0;89.059;2;56;51.3333333333333;49;4.6;80;20;0;0;60;50;0;30;30;0;15;30
"S-B-P08-H2";161.8;6.8;5.93;0;89.059;2;56;51.3333333333333;87;4.6;80;20;0;0;25;20;5;30;20;0;20;35
"S-B-P08-H3";158.8;6.13;5.87;0.114754098360656;89.059;2;38;30;22;2.05;80;20;0;0;22.5;47.5;5;30;30;0;15;30
"S-B-P09-H1";165.5;17.2;6.59;0.28;71.023;3;21;15.6666666666667;20;0.81;80;20;0;0;0;0;10;80;30;50;0;1
"S-B-P09-H2";163.2;17.7;6.59;0.25;71.023;3;22;15;20;1.6;60;40;0;0;0;0;20;70;1;90;0;10
"S-B-P09-H3";161.2;17.5;6.59;0.347826086956522;71.023;2;20;19.6666666666667;20;1.33;70;30;0;0;0;0;20;60;10;90;0;40
"S-B-P10-H1";155.2;24.2;7.26;0.021978021978022;41.474;1.5;47;40.6666666666667;52;7.2;20;80;0;0;5;10;5;5;10;0;0;15
"S-B-P10-H2";157.9;34.8;6.71;0.021978021978022;41.474;2;47;40.6666666666667;38;7.2;20;80;0;0;0;1;10;20;5;10;0;20
"S-B-P10-H3";149.7;29.9;6.61;0.021978021978022;41.474;1;47;40.6666666666667;46;7.2;50;50;0;0;0;30;0;0;1;0;0;10
"S-C-P12-H1";120.2;8;6.44;0.187758167480285;80;1;6;5.33333333333333;6;0.19;90;10;0;0;0;0;0;90;5;5;0;8
"S-C-P12-H2";122.8;2;6.07;0.0551610011721713;80;1.5;10;7;9;0.53;90;10;0;0;0;0;0;85;15;5;0;20
"S-C-P12-H3";129.8;10;5.8;0.110567051018796;80;1.5;20;17;15;1.09;90;10;0;0;0;0;0;90;10;0;5;15
"S-C-P13-H1";115.2;10;6.01;0.251798561151079;87;1;18;12.6666666666667;11;0.9;10;90;0;0;0;0;5;80;5;10;0;15
"S-C-P13-H2";122.4;8;6;0.210674157303371;87;2;13;10.3333333333333;14;1.08;10;90;0;0;5;0;0;30;10;5;0;10
"S-C-P13-H3";111.4;2;6.19;0.0213219616204691;87;2;42;25;38;1.5;80;20;0;0;0;0;0;40;10;15;0;40
"S-C-P14-H1";145.7;7;5.99;0.0469557051181719;76;3.5;20;16.3333333333333;13;2.24;5;95;0;0;0;0;0;60;5;20;0;25
"S-C-P14-H2";117;28;6.46;0.460526315789474;76;3;17;14;11;1.4;5;95;0;0;0;0;0;50;5;15;0;30
"S-C-P14-H3";184.2;14;6.31;0.154901526886479;76;3;19;10.6666666666667;10;0.96;5;90;5;0;0;0;0;60;5;10;0;30
"S-C-P15-H1";250.8;11;6.37;0.159090909090909;86;2.5;30;26;14;1.08;10;90;0;0;0;0;0;40;10;5;0;20
"S-C-P15-H2";232.3;8;6.27;0.108008023453171;86;2.5;22;21;19;0.56;10;90;0;0;0;0;0;40;5;0;0;10
"S-C-P15-H3";243;21;6.57;0.0902527075812275;86;1.5;14;10.6666666666667;23;1.15;10;80;10;0;0;0;0;40;5;10;0;40
"S-C-P16-H1";139.1;8;6.5;0;76;1;200;40;18;12.22;100;0;0;0;25;50;20;5;5;5;0;10
"S-C-P16-H2";162.2;5;6.3;0;76;1;200;41;27;8.46;100;0;0;0;50;50;20;0;0;0;0;0
"S-C-P16-H3";156.4;12;6.8;0;76;1;200;42;33;18.76;100;0;0;0;50;40;20;0;0;0;0;0
"S-C-P17-H1";127.9;13.5;6.6;0.0838222967309304;49;1.5;100;98.6666666666667;100;5.5;95;5;0;0;0;5;15;10;5;15;0;45
"S-C-P17-H2";129.4;14.6;6.51;0.104613453290093;49;1;82;70;74;3.4;100;0;0;0;0;5;5;30;5;5;0;45
"S-C-P17-H3";130.6;11.9;6.52;0.114995400183993;49;1;70;60.3333333333333;5;4.03;90;0;0;10;0;5;5;15;5;5;0;0
"S-C-P18-H1";130.7;11.7;6.84;0.111675126903553;47;1;72;63.3333333333333;50;11.5;100;0;0;0;15;5;15;0;5;0;0;0
"S-C-P18-H2";136.6;9.32;6.7;0.182116190129303;47;1;85;65;40;10.68;5;85;10;0;0;0;5;30;5;15;0;35
"S-C-P18-H3";134;12.5;6.6;0.170299727520436;47;1;93;63.3333333333333;39;5.3;5;95;0;0;0;0;0;50;0;10;0;25
"S-C-P19-H1";139.7;11.1;6.7;0.330250990752972;54;2;36;34.6666666666667;28;2.1;0;100;0;0;0;0;5;60;5;5;0;5
"S-C-P19-H2";134;4.27;6.54;0.336927223719676;54;2;56;47.3333333333333;41;2.59;0;100;0;0;0;0;0;60;5;15;0;5
"S-C-P19-H3";123.7;8.87;6.64;0.424088210347752;54;2;42;36;40;2.67;0;100;0;0;0;0;0;60;5;5;0;15
"S-C-P20-H1";138.7;14.2;6.71;0.114810562571757;49;1.5;70;86;94;2.8;100;0;0;0;0;0;10;50;15;10;0;25
"S-C-P20-H2";125.6;9.01;6.89;0.12708095056551;49;1.5;105;81.6666666666667;55;2.3;100;0;0;0;0;0;10;50;15;10;0;25
"S-C-P20-H3";138.7;13.8;6.68;0.165343915343915;49;1.5;110;110;33;5.3;100;0;0;0;0;0;25;70;15;10;0;25
"C-B-P05-H1";128.8;2;4.81;0.160342063067878;107.07;1.5;15;9;3;7.5;100;0;0;0;5;5;15;50;5;10;0;45
"C-B-P05-H2";137.9;3;4.87;0.039546533087266;107.07;1.5;17;13;8;4.35;100;0;0;0;10;5;5;40;5;5;0;20
"C-B-P05-H3";119.2;3;4.72;0.16134236850597;107.07;2;13;14;12;14.14;100;0;0;0;5;10;10;50;5;15;0;30
"C-B-P06-H1";142.8;4;4.58;0.0752671985548698;112.84;3;40;25;9;4.9;100;0;0;0;0;10;10;50;25;15;0;20
"C-B-P06-H2";148.1;4;4.55;0.0946297610598533;112.84;3;38;31.6666666666667;23;9.2;100;0;0;0;0;10;10;50;25;15;0;20
"C-B-P06-H3";152.2;3;4.77;0.240153698366955;112.84;2.5;27;16.3333333333333;8;0.66;100;0;0;0;0;15;5;80;5;10;0;20
"C-B-P07-H1";154.4;7;5.08;0.185430463576159;89.047;2.5;39;22;7;2.1;100;0;0;0;0;15;10;70;10;15;0;30
"C-B-P07-H2";152.6;3;4.53;0.206672571597284;89.047;2.5;22;21;7;1.4;100;0;0;0;0;0;10;60;10;10;0;20
"C-B-P07-H3";130.8;6;4.74;0.202487706103558;89.047;3;47;41;13;3.2;100;0;0;0;0;15;5;75;15;20;0;25
"C-B-P08-H1";148.8;4;4.99;0;89.059;1;60;49.3333333333333;58;16;100;0;0;0;0;15;10;25;10;10;25;15
"C-B-P08-H2";141.6;5;5.21;0;89.059;1;60;49.3333333333333;58;16;100;0;0;0;0;15;10;25;10;10;25;15
"C-B-P08-H3";152.7;6;4.97;0.103458468814662;89.059;1;35;28.3333333333333;16;2.36;5;95;0;0;0;15;5;50;10;5;15;5
"C-B-P09-H1";139.9;11;5.43;0.189214758751183;71.023;1.5;34;28.3333333333333;12;1.9;10;90;0;0;0;0;10;80;10;10;0;15
"C-B-P09-H2";120.8;12;5.5;0.32546786004882;71.023;1.5;30;24.6666666666667;11;2;5;95;0;0;0;0;5;70;5;5;0;15
"C-B-P09-H3";138.3;15;5.32;0.172302390695671;71.023;1.5;30;29;30;2.5;5;95;0;0;0;0;0;60;5;10;0;20
"C-B-P10-H1";105;10;5.64;0.056980056980057;41.474;1;20;25.3333333333333;17;8.6;20;80;0;0;0;15;5;5;5;10;5;5
"C-B-P10-H2";144.3;18;5.33;0.11887072808321;41.474;1;40;34;20;10.2;10;90;0;0;0;25;10;0;0;0;0;0
"C-B-P10-H3";132.2;12;5.29;0;41.474;1;22;30;28;4.9;100;0;0;0;5;50;0;0;0;0;0;0
"C-C-P12-H1";85.2;346;5.57;0.341180484476288;80;1;19;13.6666666666667;10;1.4;90;10;0;0;0;0;5;80;5;10;0;25
"C-C-P12-H2";107.1;69;5.49;0.341180484476288;80;1;19;13.6666666666667;10;1.4;90;10;0;0;0;0;5;80;5;10;0;25
"C-C-P12-H3";104.8;40;5.35;0.587889476778366;80;2;36;22.6666666666667;14;1.9;90;10;0;0;0;0;0;75;5;5;0;40
"C-C-P13-H1";82.65;9;5.51;0.39032006245121;87;2;46;25.6666666666667;15;1.75;90;10;0;0;0;0;10;70;5;15;0;25
"C-C-P13-H2";78.3;21;5.73;0.423370025402202;87;2;53;36.3333333333333;25;3.7;90;10;0;0;0;0;10;80;5;10;0;35
"C-C-P13-H3";82.93;20;5.96;0.226654578422484;87;2;47;25.6666666666667;14;2.9;90;10;0;0;0;0;15;80;5;5;0;30
"C-C-P14-H1";181.1;41;6.07;0.385674931129477;76;3.5;30;23;14;2.1;0;100;0;0;0;0;10;85;5;10;0;15
"C-C-P14-H2";116;33;6.02;0.327408793264733;76;3.5;20;14.3333333333333;13;6.7;0;100;0;0;0;0;5;70;5;5;0;10
"C-C-P14-H3";92.25;44;5.97;0.399087799315849;76;2.5;45;40.6666666666667;15;5.3;30;70;0;0;0;0;15;70;5;10;0;30
"C-C-P15-H1";226.3;6;6.06;0.269645608628659;86;2.5;16;13.3333333333333;8;1.1;5;95;0;0;0;0;0;50;10;25;0;10
"C-C-P15-H2";172.5;8;6.03;0.302375809935205;86;2.5;33;21;8;1.3;0;100;0;0;0;5;0;60;5;5;0;10
"C-C-P15-H3";213;16;6.23;0.243055555555556;86;2.5;14;11.3333333333333;10;1.14;10;90;0;0;0;0;0;70;10;10;0;20
"C-C-P16-H1";212.5;7;6.93;0;76;1;110;27;13;18;0;100;0;0;0;15;15;0;0;0;0;5
"C-C-P16-H2";141.3;20;6.27;0;76;1;110;14.0333333333333;19;18;100;0;0;0;0;40;20;0;0;0;0;10
"C-C-P16-H3";109.3;16;6.22;0;76;1;110;34;12;26.46;100;0;0;0;0;40;5;0;5;0;0;0
"C-C-P17-H1";110.9;61;6.31;0.3796867584243;49;2.5;50;25;21;5.8;100;0;0;0;0;10;10;25;0;10;0;35
"C-C-P17-H2";124.9;51;6.28;0.50761421319797;49;3;110;15.69;18;4.9;100;0;0;0;0;5;10;30;0;15;0;25
"C-C-P17-H3";116.4;40;6.3;0.439174352217831;49;3.5;90;56.6666666666667;12;5.8;100;0;0;0;0;5;15;15;0;15;0;5
"C-C-P18-H1";119.5;41;6.35;0.133904659882164;47;1;81;44.5;23;20.2;100;0;0;0;10;10;20;0;0;0;0;0
"C-C-P18-H2";104.9;42;6.25;0.053835800807537;47;1;82;45.3333333333333;12;34.6;100;0;0;0;0;5;10;50;10;5;0;30
"C-C-P18-H3";100.8;64;6.05;0.053835800807537;47;1;28;18;9;34.6;100;0;0;0;0;5;10;70;10;5;0;30
"C-C-P19-H1";137;14;6.73;0.385250412768299;54;3.5;48;40.6666666666667;30;3.3;5;95;0;0;0;0;0;70;5;5;0;0
"C-C-P19-H2";126.4;12;6.43;0.427089688834655;54;2.5;74;64;53;2.6;0;100;0;0;0;0;0;50;0;10;0;0
"C-C-P19-H3";124.8;11;6.99;0.557324840764331;54;2.5;79;54.3333333333333;57;1.4;5;95;0;0;0;0;0;70;5;5;0;0
"C-C-P20-H1";125.9;9;6.67;0.252908447142135;49;2;98;51;57;3.5;5;95;0;0;0;0;5;40;0;10;0;10
"C-C-P20-H2";139.6;8;7.45;0.288766965059197;49;2;77;63;35;2.4;5;95;0;0;0;0;0;80;5;15;0;5
"C-C-P20-H3";136.8;13;7.19;0.369978858350951;49;3;55;43;20;2.9;90;10;0;0;0;0;0;80;0;15;0;15
