"w.Cond_uS.cm";"w.Turb_ntu";"w.pH";"m.Elev_m";"m.Vel_m.s";"m.Slope";"m.Depth_avg_cm";"m.Depth_mar_cm";"s.Mud";"s.Sand";"s.Gravel_f";"s.Rocks";"h.Macrophytes";"h.Grass";"h.Subm_veg";"h.Overh_veg";"h.Leaf_l";"h.Root_masses";"h.Algae";"h.Debris"
"S-B-P05-H1";134;6.85;6.33;107.07;0.025;1.5;13.6666666666667;16;100;0;0;0;5;0;5;90;10;0;5;30
"S-B-P05-H2";164.4;10.7;7.46;107.07;0.025;1;13.6666666666667;16;100;0;0;0;5;0;5;90;10;0;5;30
"S-B-P05-H3";140.9;4.62;7.15;107.07;0.025;1;13.6666666666667;16;100;0;0;0;5;0;5;90;10;0;5;30
"S-B-P06-H1";154.1;2.14;6.83;112.84;0.0352195351021366;2.5;20.3333333333333;30;100;0;0;0;30;5;5;80;5;5;0;5
"S-B-P06-H2";156.8;2.12;7.73;112.84;0.0352195351021366;2.5;20.3333333333333;30;100;0;0;0;30;5;15;85;1;15;1;6
"S-B-P06-H3";134.1;14.1;5.87;112.84;0.0352195351021366;2.5;28.3333333333333;30;100;0;0;0;0;5;5;80;5;5;0;5
"S-B-P07-H1";98.28;1.51;5.76;89.047;0.0221803260507929;2.5;16;42;90;10;0;0;0;5;0;90;30;15;2;15
"S-B-P07-H2";160.2;9.25;6.05;89.047;0.108426270136307;1.5;20.3333333333333;29;90;10;0;0;0;0;0;85;5;10;21;11
"S-B-P07-H3";128.5;2.52;4.55;89.047;0.0872274143302181;2.5;22.6666666666667;15;90;10;0;0;0;1;10;80;25;5;10;5
"S-B-P08-H1";161.3;6.26;6;89.059;0;2;51.3333333333333;49;80;20;0;0;60;50;0;30;30;0;15;30
"S-B-P08-H2";161.8;6.8;5.93;89.059;0;2;51.3333333333333;87;80;20;0;0;25;20;5;30;20;0;20;35
"S-B-P08-H3";158.8;6.13;5.87;89.059;0.114754098360656;2;30;22;80;20;0;0;22.5;47.5;5;30;30;0;15;30
"S-B-P09-H1";165.5;17.2;6.59;71.023;0.28;3;15.6666666666667;20;80;20;0;0;0;0;10;80;30;50;0;1
"S-B-P09-H2";163.2;17.7;6.59;71.023;0.25;3;15;20;60;40;0;0;0;0;20;70;1;90;0;10
"S-B-P09-H3";161.2;17.5;6.59;71.023;0.347826086956522;2;19.6666666666667;20;70;30;0;0;0;0;20;60;10;90;0;40
"S-B-P10-H1";155.2;24.2;7.26;41.474;0.021978021978022;1.5;40.6666666666667;52;20;80;0;0;5;10;5;5;10;0;0;15
"S-B-P10-H2";157.9;34.8;6.71;41.474;0.021978021978022;2;40.6666666666667;38;20;80;0;0;0;1;10;20;5;10;0;20
"S-B-P10-H3";149.7;29.9;6.61;41.474;0.021978021978022;1;40.6666666666667;46;50;50;0;0;0;30;0;0;1;0;0;10
"S-C-P12-H1";120.2;8;6.44;80;0.187758167480285;1;5.33333333333333;6;90;10;0;0;0;0;0;90;5;5;0;8
"S-C-P12-H2";122.8;2;6.07;80;0.0551610011721713;1.5;7;9;90;10;0;0;0;0;0;85;15;5;0;20
"S-C-P12-H3";129.8;10;5.8;80;0.110567051018796;1.5;17;15;90;10;0;0;0;0;0;90;10;0;5;15
"S-C-P13-H1";115.2;10;6.01;87;0.251798561151079;1;12.6666666666667;11;10;90;0;0;0;0;5;80;5;10;0;15
"S-C-P13-H2";122.4;8;6;87;0.210674157303371;2;10.3333333333333;14;10;90;0;0;5;0;0;30;10;5;0;10
"S-C-P13-H3";111.4;2;6.19;87;0.0213219616204691;2;25;38;80;20;0;0;0;0;0;40;10;15;0;40
"S-C-P14-H1";145.7;7;5.99;76;0.0469557051181719;3.5;16.3333333333333;13;5;95;0;0;0;0;0;60;5;20;0;25
"S-C-P14-H2";117;28;6.46;76;0.460526315789474;3;14;11;5;95;0;0;0;0;0;50;5;15;0;30
"S-C-P14-H3";184.2;14;6.31;76;0.154901526886479;3;10.6666666666667;10;5;90;5;0;0;0;0;60;5;10;0;30
"S-C-P15-H1";250.8;11;6.37;86;0.159090909090909;2.5;26;14;10;90;0;0;0;0;0;40;10;5;0;20
"S-C-P15-H2";232.3;8;6.27;86;0.108008023453171;2.5;21;19;10;90;0;0;0;0;0;40;5;0;0;10
"S-C-P15-H3";243;21;6.57;86;0.0902527075812275;1.5;10.6666666666667;23;10;80;10;0;0;0;0;40;5;10;0;40
"S-C-P16-H1";139.1;8;6.5;76;0;1;40;18;100;0;0;0;25;50;20;5;5;5;0;10
"S-C-P16-H2";162.2;5;6.3;76;0;1;41;27;100;0;0;0;50;50;20;0;0;0;0;0
"S-C-P16-H3";156.4;12;6.8;76;0;1;42;33;100;0;0;0;50;40;20;0;0;0;0;0
"S-C-P17-H1";127.9;13.5;6.6;49;0.0838222967309304;1.5;98.6666666666667;100;95;5;0;0;0;5;15;10;5;15;0;45
"S-C-P17-H2";129.4;14.6;6.51;49;0.104613453290093;1;70;74;100;0;0;0;0;5;5;30;5;5;0;45
"S-C-P17-H3";130.6;11.9;6.52;49;0.114995400183993;1;60.3333333333333;5;90;0;0;10;0;5;5;15;5;5;0;0
"S-C-P18-H1";130.7;11.7;6.84;47;0.111675126903553;1;63.3333333333333;50;100;0;0;0;15;5;15;0;5;0;0;0
"S-C-P18-H2";136.6;9.32;6.7;47;0.182116190129303;1;65;40;5;85;10;0;0;0;5;30;5;15;0;35
"S-C-P18-H3";134;12.5;6.6;47;0.170299727520436;1;63.3333333333333;39;5;95;0;0;0;0;0;50;0;10;0;25
"S-C-P19-H1";139.7;11.1;6.7;54;0.330250990752972;2;34.6666666666667;28;0;100;0;0;0;0;5;60;5;5;0;5
"S-C-P19-H2";134;4.27;6.54;54;0.336927223719676;2;47.3333333333333;41;0;100;0;0;0;0;0;60;5;15;0;5
"S-C-P19-H3";123.7;8.87;6.64;54;0.424088210347752;2;36;40;0;100;0;0;0;0;0;60;5;5;0;15
"S-C-P20-H1";138.7;14.2;6.71;49;0.114810562571757;1.5;86;94;100;0;0;0;0;0;10;50;15;10;0;25
"S-C-P20-H2";125.6;9.01;6.89;49;0.12708095056551;1.5;81.6666666666667;55;100;0;0;0;0;0;10;50;15;10;0;25
"S-C-P20-H3";138.7;13.8;6.68;49;0.165343915343915;1.5;110;33;100;0;0;0;0;0;25;70;15;10;0;25
"C-B-P05-H1";128.8;2;4.81;107.07;0.160342063067878;1.5;9;3;100;0;0;0;5;5;15;50;5;10;0;45
"C-B-P05-H2";137.9;3;4.87;107.07;0.039546533087266;1.5;13;8;100;0;0;0;10;5;5;40;5;5;0;20
"C-B-P05-H3";119.2;3;4.72;107.07;0.16134236850597;2;14;12;100;0;0;0;5;10;10;50;5;15;0;30
"C-B-P06-H1";142.8;4;4.58;112.84;0.0752671985548698;3;25;9;100;0;0;0;0;10;10;50;25;15;0;20
"C-B-P06-H2";148.1;4;4.55;112.84;0.0946297610598533;3;31.6666666666667;23;100;0;0;0;0;10;10;50;25;15;0;20
"C-B-P06-H3";152.2;3;4.77;112.84;0.240153698366955;2.5;16.3333333333333;8;100;0;0;0;0;15;5;80;5;10;0;20
"C-B-P07-H1";154.4;7;5.08;89.047;0.185430463576159;2.5;22;7;100;0;0;0;0;15;10;70;10;15;0;30
"C-B-P07-H2";152.6;3;4.53;89.047;0.206672571597284;2.5;21;7;100;0;0;0;0;0;10;60;10;10;0;20
"C-B-P07-H3";130.8;6;4.74;89.047;0.202487706103558;3;41;13;100;0;0;0;0;15;5;75;15;20;0;25
"C-B-P08-H1";148.8;4;4.99;89.059;0;1;49.3333333333333;58;100;0;0;0;0;15;10;25;10;10;25;15
"C-B-P08-H2";141.6;5;5.21;89.059;0;1;49.3333333333333;58;100;0;0;0;0;15;10;25;10;10;25;15
"C-B-P08-H3";152.7;6;4.97;89.059;0.103458468814662;1;28.3333333333333;16;5;95;0;0;0;15;5;50;10;5;15;5
"C-B-P09-H1";139.9;11;5.43;71.023;0.189214758751183;1.5;28.3333333333333;12;10;90;0;0;0;0;10;80;10;10;0;15
"C-B-P09-H2";120.8;12;5.5;71.023;0.32546786004882;1.5;24.6666666666667;11;5;95;0;0;0;0;5;70;5;5;0;15
"C-B-P09-H3";138.3;15;5.32;71.023;0.172302390695671;1.5;29;30;5;95;0;0;0;0;0;60;5;10;0;20
"C-B-P10-H1";105;10;5.64;41.474;0.056980056980057;1;25.3333333333333;17;20;80;0;0;0;15;5;5;5;10;5;5
"C-B-P10-H2";144.3;18;5.33;41.474;0.11887072808321;1;34;20;10;90;0;0;0;25;10;0;0;0;0;0
"C-B-P10-H3";132.2;12;5.29;41.474;0;1;30;28;100;0;0;0;5;50;0;0;0;0;0;0
"C-C-P12-H1";85.2;346;5.57;80;0.341180484476288;1;13.6666666666667;10;90;10;0;0;0;0;5;80;5;10;0;25
"C-C-P12-H2";107.1;69;5.49;80;0.341180484476288;1;13.6666666666667;10;90;10;0;0;0;0;5;80;5;10;0;25
"C-C-P12-H3";104.8;40;5.35;80;0.587889476778366;2;22.6666666666667;14;90;10;0;0;0;0;0;75;5;5;0;40
"C-C-P13-H1";82.65;9;5.51;87;0.39032006245121;2;25.6666666666667;15;90;10;0;0;0;0;10;70;5;15;0;25
"C-C-P13-H2";78.3;21;5.73;87;0.423370025402202;2;36.3333333333333;25;90;10;0;0;0;0;10;80;5;10;0;35
"C-C-P13-H3";82.93;20;5.96;87;0.226654578422484;2;25.6666666666667;14;90;10;0;0;0;0;15;80;5;5;0;30
"C-C-P14-H1";181.1;41;6.07;76;0.385674931129477;3.5;23;14;0;100;0;0;0;0;10;85;5;10;0;15
"C-C-P14-H2";116;33;6.02;76;0.327408793264733;3.5;14.3333333333333;13;0;100;0;0;0;0;5;70;5;5;0;10
"C-C-P14-H3";92.25;44;5.97;76;0.399087799315849;2.5;40.6666666666667;15;30;70;0;0;0;0;15;70;5;10;0;30
"C-C-P15-H1";226.3;6;6.06;86;0.269645608628659;2.5;13.3333333333333;8;5;95;0;0;0;0;0;50;10;25;0;10
"C-C-P15-H2";172.5;8;6.03;86;0.302375809935205;2.5;21;8;0;100;0;0;0;5;0;60;5;5;0;10
"C-C-P15-H3";213;16;6.23;86;0.243055555555556;2.5;11.3333333333333;10;10;90;0;0;0;0;0;70;10;10;0;20
"C-C-P16-H1";212.5;7;6.93;76;0;1;27;13;0;100;0;0;0;15;15;0;0;0;0;5
"C-C-P16-H2";141.3;20;6.27;76;0;1;14.0333333333333;19;100;0;0;0;0;40;20;0;0;0;0;10
"C-C-P16-H3";109.3;16;6.22;76;0;1;34;12;100;0;0;0;0;40;5;0;5;0;0;0
"C-C-P17-H1";110.9;61;6.31;49;0.3796867584243;2.5;25;21;100;0;0;0;0;10;10;25;0;10;0;35
"C-C-P17-H2";124.9;51;6.28;49;0.50761421319797;3;15.69;18;100;0;0;0;0;5;10;30;0;15;0;25
"C-C-P17-H3";116.4;40;6.3;49;0.439174352217831;3.5;56.6666666666667;12;100;0;0;0;0;5;15;15;0;15;0;5
"C-C-P18-H1";119.5;41;6.35;47;0.133904659882164;1;44.5;23;100;0;0;0;10;10;20;0;0;0;0;0
"C-C-P18-H2";104.9;42;6.25;47;0.053835800807537;1;45.3333333333333;12;100;0;0;0;0;5;10;50;10;5;0;30
"C-C-P18-H3";100.8;64;6.05;47;0.053835800807537;1;18;9;100;0;0;0;0;5;10;70;10;5;0;30
"C-C-P19-H1";137;14;6.73;54;0.385250412768299;3.5;40.6666666666667;30;5;95;0;0;0;0;0;70;5;5;0;0
"C-C-P19-H2";126.4;12;6.43;54;0.427089688834655;2.5;64;53;0;100;0;0;0;0;0;50;0;10;0;0
"C-C-P19-H3";124.8;11;6.99;54;0.557324840764331;2.5;54.3333333333333;57;5;95;0;0;0;0;0;70;5;5;0;0
"C-C-P20-H1";125.9;9;6.67;49;0.252908447142135;2;51;57;5;95;0;0;0;0;5;40;0;10;0;10
"C-C-P20-H2";139.6;8;7.45;49;0.288766965059197;2;63;35;5;95;0;0;0;0;0;80;5;15;0;5
"C-C-P20-H3";136.8;13;7.19;49;0.369978858350951;3;43;20;90;10;0;0;0;0;0;80;0;15;0;15
